model,run_id,tag,alpha,lookback_w,tau,horizon_h,lambda,k,n_warmup,n_measure,offset_stride,A_ops_per_sec,B1_ops_per_sec,B2_ops_per_sec,A_gate_hit_rate,B1_gate_hit_rate,B2_gate_hit_rate
XGBoost,XGBoost_H30_a2_L94_W30_tau0.6731,H30_a2_L94,2.0,30,0.6731,30,0.94,1,200,2000,50,144.8392797812881,119.71463908786728,275.88155571759523,0.0025,0.0025,0.0025
XGBoost,XGBoost_H30_a2_L94_W30_tau0.6731,H30_a2_L94,2.0,30,0.6731,30,0.94,5,200,2000,50,174.49923344243385,118.43145332861502,234.1101098974523,0.0,0.0,0.0
XGBoost,XGBoost_H30_a2_L94_W30_tau0.6731,H30_a2_L94,2.0,30,0.6731,30,0.94,10,200,2000,50,172.2574664824636,128.38203288592058,315.81550020563833,0.0005,0.0005,0.0005
XGBoost,XGBoost_H30_a2_L94_W30_tau0.6731,H30_a2_L94,2.0,30,0.6731,30,0.94,20,200,2000,50,196.16734903164928,151.90147378752442,367.71355819888083,0.003,0.003,0.003
XGBoost,XGBoost_H30_a2_L94_W30_tau0.6731,H30_a2_L94,2.0,30,0.6731,30,0.94,50,200,2000,50,196.2210436729367,159.22471955495405,358.003279668241,0.0045,0.0045,0.0045
