model,run_id,tag,alpha,lookback_w,tau,horizon_h,lambda,k,n_warmup,n_measure,offset_stride,A_ops_per_sec,B1_ops_per_sec,B2_ops_per_sec,A_gate_hit_rate,B1_gate_hit_rate,B2_gate_hit_rate
Logistic,Logistic_H30_a2_L94_W30_tau0.6731,H30_a2_L94,2.0,30,0.6731,30,0.94,1,200,2000,50,305.0376401959082,205.99716455173936,834.7018269854536,0.0,0.0,0.0
Logistic,Logistic_H30_a2_L94_W30_tau0.6731,H30_a2_L94,2.0,30,0.6731,30,0.94,5,200,2000,50,301.77265634094664,196.56602882364552,670.5341287124397,0.0,0.0,0.0
Logistic,Logistic_H30_a2_L94_W30_tau0.6731,H30_a2_L94,2.0,30,0.6731,30,0.94,10,200,2000,50,314.23618437785046,164.3420862035322,966.161357839604,0.0,0.0,0.0
Logistic,Logistic_H30_a2_L94_W30_tau0.6731,H30_a2_L94,2.0,30,0.6731,30,0.94,20,200,2000,50,307.955695092327,200.66286771040546,1016.4315821361158,0.0,0.0,0.0
Logistic,Logistic_H30_a2_L94_W30_tau0.6731,H30_a2_L94,2.0,30,0.6731,30,0.94,50,200,2000,50,268.9030111074118,186.1527658952148,923.8365156699405,0.0,0.0,0.0
