model,run_id,tag,alpha,lookback_w,tau,horizon_h,lambda,k,n_warmup,n_measure,offset_stride,A_ops_per_sec,B1_ops_per_sec,B2_ops_per_sec,A_gate_hit_rate,B1_gate_hit_rate,B2_gate_hit_rate
RandomForest,RandomForest_H30_a2_L94_W30_tau0.6731,H30_a2_L94,2.0,30,0.6731,30,0.94,1,200,2000,50,145.13956620683422,113.53556663123845,218.76858336581472,0.0,0.0,0.0
RandomForest,RandomForest_H30_a2_L94_W30_tau0.6731,H30_a2_L94,2.0,30,0.6731,30,0.94,5,200,2000,50,141.78245614519693,101.74969073445433,183.27897691218922,0.0,0.0,0.0
RandomForest,RandomForest_H30_a2_L94_W30_tau0.6731,H30_a2_L94,2.0,30,0.6731,30,0.94,10,200,2000,50,119.63851509783505,102.3578970688936,218.0894513512242,0.0,0.0,0.0
RandomForest,RandomForest_H30_a2_L94_W30_tau0.6731,H30_a2_L94,2.0,30,0.6731,30,0.94,20,200,2000,50,146.79540457271722,112.71994218054225,226.60747211122217,0.0,0.0,0.0
RandomForest,RandomForest_H30_a2_L94_W30_tau0.6731,H30_a2_L94,2.0,30,0.6731,30,0.94,50,200,2000,50,162.84227645032945,127.42758955883198,260.8237895079519,0.0,0.0,0.0
